class_name,mth,fld,rfc,int,ex,ret,bcm,wrd,nml,sz,cpx,dcm,file_path,buggy
AbstractCommandLineRunner,54,19,430,0,33,103,94,2359,18.08910891089109,740,157,3.187837837837838,../resources/defects4j-checkout-closure-1f/src/com/google/javascript/jscomp\AbstractCommandLineRunner.java,1
AbstractCompiler,51,2,10,0,0,4,52,1077,16.90740740740741,5,0,215.4,../resources/defects4j-checkout-closure-1f/src/com/google/javascript/jscomp\AbstractCompiler.java,0
AbstractMessageFormatter,5,3,8,0,0,8,2,28,13.5,13,2,2.1538461538461537,../resources/defects4j-checkout-closure-1f/src/com/google/javascript/jscomp\AbstractMessageFormatter.java,0
AbstractPeepholeOptimization,13,1,22,0,0,8,14,376,17.076923076923077,24,3,15.666666666666666,../resources/defects4j-checkout-closure-1f/src/com/google/javascript/jscomp\AbstractPeepholeOptimization.java,0
AliasExternals,16,15,205,0,1,10,36,1138,14.12,171,44,6.654970760233918,../resources/defects4j-checkout-closure-1f/src/com/google/javascript/jscomp\AliasExternals.java,0
AliasKeywords,9,11,100,0,1,17,30,764,17.166666666666668,93,17,8.21505376344086,../resources/defects4j-checkout-closure-1f/src/com/google/javascript/jscomp\AliasKeywords.java,0
AliasStrings,9,11,86,0,0,12,17,534,18.63636363636364,125,29,4.272,../resources/defects4j-checkout-closure-1f/src/com/google/javascript/jscomp\AliasStrings.java,0
AmbiguateProperties,10,13,195,0,1,27,26,658,12.25,194,46,3.391752577319588,../resources/defects4j-checkout-closure-1f/src/com/google/javascript/jscomp\AmbiguateProperties.java,1
AnalyzeNameReferences,3,3,23,0,0,8,4,142,12.0,37,7,3.8378378378378377,../resources/defects4j-checkout-closure-1f/src/com/google/javascript/jscomp\AnalyzeNameReferences.java,0
AnalyzePrototypeProperties,3,14,217,2,0,46,29,686,13.136363636363637,236,55,2.906779661016949,../resources/defects4j-checkout-closure-1f/src/com/google/javascript/jscomp\AnalyzePrototypeProperties.java,1
AnonymousFunctionNamingCallback,2,1,29,1,0,0,5,124,13.2,26,10,4.769230769230769,../resources/defects4j-checkout-closure-1f/src/com/google/javascript/jscomp\AnonymousFunctionNamingCallback.java,0
AstChangeProxy,6,1,24,1,0,1,9,102,13.285714285714286,28,5,3.642857142857143,../resources/defects4j-checkout-closure-1f/src/com/google/javascript/jscomp\AstChangeProxy.java,0
AstParallelizer,6,7,43,0,0,9,6,286,10.307692307692308,53,7,5.39622641509434,../resources/defects4j-checkout-closure-1f/src/com/google/javascript/jscomp\AstParallelizer.java,0
AstValidator,64,1,390,1,1,40,1,21,17.227272727272727,408,52,0.0514705882352941,../resources/defects4j-checkout-closure-1f/src/com/google/javascript/jscomp\AstValidator.java,0
BasicErrorManager,11,4,24,0,0,19,4,143,10.916666666666666,66,19,2.1666666666666665,../resources/defects4j-checkout-closure-1f/src/com/google/javascript/jscomp\BasicErrorManager.java,0
ByPathWarningsGuard,4,5,7,0,0,5,4,208,8.25,18,3,11.555555555555555,../resources/defects4j-checkout-closure-1f/src/com/google/javascript/jscomp\ByPathWarningsGuard.java,0
CallGraph,21,9,117,0,3,37,43,1610,18.512820512820515,211,49,7.630331753554502,../resources/defects4j-checkout-closure-1f/src/com/google/javascript/jscomp\CallGraph.java,0
ChainCalls,1,6,45,0,0,14,4,52,8.333333333333334,65,17,0.8,../resources/defects4j-checkout-closure-1f/src/com/google/javascript/jscomp\ChainCalls.java,0
CheckAccessControls,24,20,251,0,0,39,19,584,19.041666666666668,235,73,2.4851063829787234,../resources/defects4j-checkout-closure-1f/src/com/google/javascript/jscomp\CheckAccessControls.java,1
CheckDebuggerStatement,2,2,6,0,0,0,1,46,6.0,5,1,9.2,../resources/defects4j-checkout-closure-1f/src/com/google/javascript/jscomp\CheckDebuggerStatement.java,0
CheckGlobalNames,9,9,85,0,0,9,5,132,18.22222222222222,89,28,1.4831460674157304,../resources/defects4j-checkout-closure-1f/src/com/google/javascript/jscomp\CheckGlobalNames.java,0
CheckGlobalThis,4,3,41,0,0,9,4,280,13.75,52,18,5.384615384615385,../resources/defects4j-checkout-closure-1f/src/com/google/javascript/jscomp\CheckGlobalThis.java,1
CheckMissingGetCssName,6,6,37,0,0,7,4,89,14.833333333333334,33,8,2.696969696969697,../resources/defects4j-checkout-closure-1f/src/com/google/javascript/jscomp\CheckMissingGetCssName.java,0
CheckMissingReturn,8,5,45,0,0,16,6,157,12.3,45,13,3.488888888888889,../resources/defects4j-checkout-closure-1f/src/com/google/javascript/jscomp\CheckMissingReturn.java,0
CheckPathsBetweenNodes,8,11,41,0,0,11,7,261,18.5,76,18,3.4342105263157894,../resources/defects4j-checkout-closure-1f/src/com/google/javascript/jscomp\CheckPathsBetweenNodes.java,0
CheckProvides,2,4,36,0,0,0,1,11,11.4,43,11,0.2558139534883721,../resources/defects4j-checkout-closure-1f/src/com/google/javascript/jscomp\CheckProvides.java,0
CheckRegExp,3,4,23,0,0,1,1,35,13.333333333333334,17,4,2.0588235294117645,../resources/defects4j-checkout-closure-1f/src/com/google/javascript/jscomp\CheckRegExp.java,0
CheckRequiresForConstructors,4,4,76,0,0,7,3,82,12.333333333333334,68,16,1.2058823529411764,../resources/defects4j-checkout-closure-1f/src/com/google/javascript/jscomp\CheckRequiresForConstructors.java,0
CheckSideEffects,5,6,58,0,0,4,3,97,9.142857142857142,55,13,1.7636363636363637,../resources/defects4j-checkout-closure-1f/src/com/google/javascript/jscomp\CheckSideEffects.java,1
CheckSuspiciousCode,5,2,30,0,0,0,1,44,12.2,20,5,2.2,../resources/defects4j-checkout-closure-1f/src/com/google/javascript/jscomp\CheckSuspiciousCode.java,0
CheckUnreachableCode,5,3,24,0,0,5,1,17,8.666666666666666,21,5,0.8095238095238095,../resources/defects4j-checkout-closure-1f/src/com/google/javascript/jscomp\CheckUnreachableCode.java,0
CleanupPasses,4,4,16,0,0,6,2,64,11.444444444444445,22,4,2.909090909090909,../resources/defects4j-checkout-closure-1f/src/com/google/javascript/jscomp\CleanupPasses.java,0
ClosureCodeRemoval,1,6,51,0,0,0,15,284,5.75,55,14,5.163636363636364,../resources/defects4j-checkout-closure-1f/src/com/google/javascript/jscomp\ClosureCodeRemoval.java,0
ClosureCodingConvention,24,4,135,0,0,44,11,227,20.88,145,40,1.5655172413793104,../resources/defects4j-checkout-closure-1f/src/com/google/javascript/jscomp\ClosureCodingConvention.java,1
ClosureOptimizePrimitives,3,1,34,0,0,3,6,93,14.75,36,9,2.583333333333333,../resources/defects4j-checkout-closure-1f/src/com/google/javascript/jscomp\ClosureOptimizePrimitives.java,0
ClosureRewriteClass,16,7,176,0,0,22,4,69,16.25,141,34,0.4893617021276595,../resources/defects4j-checkout-closure-1f/src/com/google/javascript/jscomp\ClosureRewriteClass.java,0
CoalesceVariableNames,7,4,159,0,0,20,5,199,11.8,152,41,1.3092105263157894,../resources/defects4j-checkout-closure-1f/src/com/google/javascript/jscomp\CoalesceVariableNames.java,1
RecentChange,3,1,1,0,0,1,1,20,10.333333333333334,3,0,6.666666666666667,../resources/defects4j-checkout-closure-1f/src/com/google/javascript/jscomp\CodeChangeHandler.java,0
ForbiddenChange,1,0,1,0,1,0,1,15,12.0,1,0,15.0,../resources/defects4j-checkout-closure-1f/src/com/google/javascript/jscomp\CodeChangeHandler.java,0
CodeConsumer,34,3,67,0,0,6,11,302,12.205882352941176,98,20,3.0816326530612246,../resources/defects4j-checkout-closure-1f/src/com/google/javascript/jscomp\CodeConsumer.java,1
CodeGenerator,32,8,515,0,9,28,16,353,15.0625,686,105,0.5145772594752187,../resources/defects4j-checkout-closure-1f/src/com/google/javascript/jscomp\CodeGenerator.java,1
CodePrinter,1,1,88,0,3,25,27,718,12.974358974358974,198,33,3.6262626262626254,../resources/defects4j-checkout-closure-1f/src/com/google/javascript/jscomp\CodePrinter.java,1
Bind,1,3,3,0,0,2,1,13,22.0,7,1,1.8571428571428568,../resources/defects4j-checkout-closure-1f/src/com/google/javascript/jscomp\CodingConvention.java,0
SubclassRelationship,0,3,2,0,0,0,0,0,0.0,3,0,0.0,../resources/defects4j-checkout-closure-1f/src/com/google/javascript/jscomp\CodingConvention.java,0
DelegateRelationship,0,2,0,0,0,0,3,70,0.0,2,0,35.0,../resources/defects4j-checkout-closure-1f/src/com/google/javascript/jscomp\CodingConvention.java,0
ObjectLiteralCast,0,3,0,0,0,0,4,36,0.0,3,0,12.0,../resources/defects4j-checkout-closure-1f/src/com/google/javascript/jscomp\CodingConvention.java,0
AssertionFunctionSpec,3,2,4,0,0,3,4,93,15.333333333333334,6,0,15.5,../resources/defects4j-checkout-closure-1f/src/com/google/javascript/jscomp\CodingConvention.java,0
CodingConventions,1,0,65,0,2,61,4,100,20.794117647058822,87,8,1.1494252873563218,../resources/defects4j-checkout-closure-1f/src/com/google/javascript/jscomp\CodingConventions.java,0
CollapseAnonymousFunctions,1,1,39,0,0,7,1,56,10.75,33,8,1.696969696969697,../resources/defects4j-checkout-closure-1f/src/com/google/javascript/jscomp\CollapseAnonymousFunctions.java,0
CollapseProperties,22,8,291,0,0,10,23,1450,25.30434782608696,302,85,4.801324503311259,../resources/defects4j-checkout-closure-1f/src/com/google/javascript/jscomp\CollapseProperties.java,1
CollapseVariableDeclarations,3,3,70,0,0,7,9,280,12.333333333333334,71,17,3.943661971830986,../resources/defects4j-checkout-closure-1f/src/com/google/javascript/jscomp\CollapseVariableDeclarations.java,1
CombinedCompilerPass,7,2,28,0,0,2,8,318,12.583333333333334,48,12,6.625,../resources/defects4j-checkout-closure-1f/src/com/google/javascript/jscomp\CombinedCompilerPass.java,0
CommandLineRunner,10,3,158,0,2,15,8,456,14.058823529411764,167,29,2.730538922155689,../resources/defects4j-checkout-closure-1f/src/com/google/javascript/jscomp\CommandLineRunner.java,1
Compiler,155,54,740,0,14,144,102,1975,14.02906976744186,848,158,2.329009433962264,../resources/defects4j-checkout-closure-1f/src/com/google/javascript/jscomp\Compiler.java,1
CompilerInput,28,8,111,0,1,23,15,320,11.733333333333333,95,12,3.3684210526315788,../resources/defects4j-checkout-closure-1f/src/com/google/javascript/jscomp\CompilerInput.java,0
CompilerOptions,209,167,267,2,4,27,221,3302,21.027649769585253,404,11,8.173267326732674,../resources/defects4j-checkout-closure-1f/src/com/google/javascript/jscomp\CompilerOptions.java,1
ComposeWarningsGuard,8,6,33,0,0,14,3,112,9.666666666666666,58,15,1.9310344827586208,../resources/defects4j-checkout-closure-1f/src/com/google/javascript/jscomp\ComposeWarningsGuard.java,0
ConcreteType,22,5,188,1,0,94,69,1327,11.746835443037977,229,41,5.794759825327511,../resources/defects4j-checkout-closure-1f/src/com/google/javascript/jscomp\ConcreteType.java,0
ConstCheck,4,3,36,0,0,1,4,66,8.25,35,9,1.8857142857142857,../resources/defects4j-checkout-closure-1f/src/com/google/javascript/jscomp\ConstCheck.java,0
ControlFlowAnalysis,38,12,358,0,1,82,20,600,13.348837209302326,402,85,1.492537313432836,../resources/defects4j-checkout-closure-1f/src/com/google/javascript/jscomp\ControlFlowAnalysis.java,1
ControlFlowGraph,6,2,18,0,0,14,16,379,17.0,24,3,15.791666666666666,../resources/defects4j-checkout-closure-1f/src/com/google/javascript/jscomp\ControlFlowGraph.java,0
ControlStructureCheck,4,2,16,0,0,0,2,29,7.75,13,3,2.230769230769231,../resources/defects4j-checkout-closure-1f/src/com/google/javascript/jscomp\ControlStructureCheck.java,0
ConvertToDottedProperties,2,1,18,0,0,0,1,31,6.0,15,3,2.066666666666667,../resources/defects4j-checkout-closure-1f/src/com/google/javascript/jscomp\ConvertToDottedProperties.java,0
CreateSyntheticBlocks,5,8,53,0,0,11,8,119,11.166666666666666,60,12,1.9833333333333332,../resources/defects4j-checkout-closure-1f/src/com/google/javascript/jscomp\CreateSyntheticBlocks.java,0
CrossModuleCodeMotion,8,5,113,0,0,25,12,282,13.727272727272728,135,40,2.088888888888889,../resources/defects4j-checkout-closure-1f/src/com/google/javascript/jscomp\CrossModuleCodeMotion.java,0
CrossModuleMethodMotion,2,8,53,0,0,2,6,109,10.25,43,11,2.5348837209302326,../resources/defects4j-checkout-closure-1f/src/com/google/javascript/jscomp\CrossModuleMethodMotion.java,1
ByPart,2,0,2,0,0,1,0,0,5.5,1,0,0.0,../resources/defects4j-checkout-closure-1f/src/com/google/javascript/jscomp\CssRenamingMap.java,0
ByWhole,2,0,2,0,0,1,0,0,5.5,1,0,0.0,../resources/defects4j-checkout-closure-1f/src/com/google/javascript/jscomp\CssRenamingMap.java,0
DataFlowAnalysis,13,4,153,0,1,18,21,1163,9.46875,143,32,8.132867132867133,../resources/defects4j-checkout-closure-1f/src/com/google/javascript/jscomp\DataFlowAnalysis.java,0
DeadAssignmentsElimination,10,3,139,0,0,31,5,339,16.90909090909091,168,46,2.017857142857143,../resources/defects4j-checkout-closure-1f/src/com/google/javascript/jscomp\DeadAssignmentsElimination.java,1
DefaultPassConfig,20,120,341,0,3,126,119,1230,8.194805194805195,611,125,2.0130932896890346,../resources/defects4j-checkout-closure-1f/src/com/google/javascript/jscomp\DefaultPassConfig.java,0
DefinitionSite,0,5,0,0,0,0,1,31,0.0,5,0,6.2,../resources/defects4j-checkout-closure-1f/src/com/google/javascript/jscomp\DefinitionSite.java,0
DefinitionsRemover,2,0,77,0,5,27,18,315,10.72,104,18,3.0288461538461537,../resources/defects4j-checkout-closure-1f/src/com/google/javascript/jscomp\DefinitionsRemover.java,0
Denormalize,4,1,41,0,0,5,2,88,11.333333333333334,43,10,2.046511627906977,../resources/defects4j-checkout-closure-1f/src/com/google/javascript/jscomp\Denormalize.java,0
DependencyOptions,9,5,7,0,0,9,6,398,18.22222222222222,14,0,28.428571428571427,../resources/defects4j-checkout-closure-1f/src/com/google/javascript/jscomp\DependencyOptions.java,0
DevirtualizePrototypeMethods,13,2,141,0,1,29,10,494,16.923076923076923,148,37,3.3378378378378377,../resources/defects4j-checkout-closure-1f/src/com/google/javascript/jscomp\DevirtualizePrototypeMethods.java,1
DiagnosticGroup,6,4,19,0,0,7,11,159,7.833333333333333,25,4,6.36,../resources/defects4j-checkout-closure-1f/src/com/google/javascript/jscomp\DiagnosticGroup.java,0
DiagnosticGroups,7,35,44,0,0,6,4,44,14.714285714285714,11,0,4.0,../resources/defects4j-checkout-closure-1f/src/com/google/javascript/jscomp\DiagnosticGroups.java,1
DiagnosticGroupWarningsGuard,4,3,10,0,0,5,1,15,7.0,13,3,1.1538461538461535,../resources/defects4j-checkout-closure-1f/src/com/google/javascript/jscomp\DiagnosticGroupWarningsGuard.java,0
DiagnosticType,9,5,15,0,0,9,11,195,6.777777777777778,13,0,15.0,../resources/defects4j-checkout-closure-1f/src/com/google/javascript/jscomp\DiagnosticType.java,0
DisambiguateProperties,10,7,350,1,0,72,47,1191,16.029850746268657,428,113,2.782710280373832,../resources/defects4j-checkout-closure-1f/src/com/google/javascript/jscomp\DisambiguateProperties.java,1
DotFormatter,12,8,93,0,0,9,8,260,9.5,97,15,2.6804123711340204,../resources/defects4j-checkout-closure-1f/src/com/google/javascript/jscomp\DotFormatter.java,0
EmptyMessageBundle,3,0,4,0,0,3,4,47,11.666666666666666,3,0,15.666666666666666,../resources/defects4j-checkout-closure-1f/src/com/google/javascript/jscomp\EmptyMessageBundle.java,0
ErrorPass,1,2,3,0,0,0,1,12,7.0,4,0,3.0,../resources/defects4j-checkout-closure-1f/src/com/google/javascript/jscomp\ErrorPass.java,0
ExpandJqueryAliases,10,9,275,0,0,16,6,214,17.928571428571427,216,55,0.9907407407407408,../resources/defects4j-checkout-closure-1f/src/com/google/javascript/jscomp\ExpandJqueryAliases.java,0
ExploitAssigns,6,0,63,0,0,18,6,257,16.833333333333332,80,21,3.2125,../resources/defects4j-checkout-closure-1f/src/com/google/javascript/jscomp\ExploitAssigns.java,1
ExportTestFunctions,4,4,53,0,0,4,4,176,16.833333333333332,42,11,4.190476190476191,../resources/defects4j-checkout-closure-1f/src/com/google/javascript/jscomp\ExportTestFunctions.java,0
ExpressionDecomposer,26,6,217,0,4,30,27,1175,19.0,221,46,5.316742081447964,../resources/defects4j-checkout-closure-1f/src/com/google/javascript/jscomp\ExpressionDecomposer.java,0
ExternExportsPass,6,10,163,0,0,21,21,401,16.75,150,34,2.6733333333333333,../resources/defects4j-checkout-closure-1f/src/com/google/javascript/jscomp\ExternExportsPass.java,0
ExtractPrototypeMemberDeclarations,4,3,75,0,0,6,9,489,13.88888888888889,72,16,6.791666666666667,../resources/defects4j-checkout-closure-1f/src/com/google/javascript/jscomp\ExtractPrototypeMemberDeclarations.java,0
FieldCleanupPass,2,1,23,0,0,2,3,296,10.2,18,4,16.444444444444443,../resources/defects4j-checkout-closure-1f/src/com/google/javascript/jscomp\FieldCleanupPass.java,0
FindExportableNodes,2,3,27,0,0,4,3,124,9.8,33,7,3.757575757575758,../resources/defects4j-checkout-closure-1f/src/com/google/javascript/jscomp\FindExportableNodes.java,0
FlowSensitiveInlineVariables,6,7,139,0,0,36,9,370,8.833333333333334,163,46,2.2699386503067487,../resources/defects4j-checkout-closure-1f/src/com/google/javascript/jscomp\FlowSensitiveInlineVariables.java,1
FunctionArgumentInjector,11,1,129,0,0,19,14,646,17.470588235294116,163,46,3.96319018404908,../resources/defects4j-checkout-closure-1f/src/com/google/javascript/jscomp\FunctionArgumentInjector.java,0
FunctionInjector,18,9,164,0,5,53,33,960,15.962962962962964,238,59,4.033613445378151,../resources/defects4j-checkout-closure-1f/src/com/google/javascript/jscomp\FunctionInjector.java,1
FunctionNames,4,4,23,0,0,7,1,90,12.0,37,5,2.4324324324324325,../resources/defects4j-checkout-closure-1f/src/com/google/javascript/jscomp\FunctionNames.java,0
FunctionRewriter,3,2,92,0,2,40,22,595,12.88,127,31,4.68503937007874,../resources/defects4j-checkout-closure-1f/src/com/google/javascript/jscomp\FunctionRewriter.java,1
FunctionToBlockMutator,14,2,131,0,0,15,15,490,19.933333333333334,131,29,3.740458015267176,../resources/defects4j-checkout-closure-1f/src/com/google/javascript/jscomp\FunctionToBlockMutator.java,1
FunctionTypeBuilder,20,32,228,1,1,52,27,784,17.4375,329,81,2.382978723404255,../resources/defects4j-checkout-closure-1f/src/com/google/javascript/jscomp\FunctionTypeBuilder.java,1
GatherRawExports,4,3,19,0,0,4,1,28,13.5,20,6,1.4,../resources/defects4j-checkout-closure-1f/src/com/google/javascript/jscomp\GatherRawExports.java,0
GatherSideEffectSubexpressionsCallback,7,3,95,1,3,19,15,467,22.5625,96,19,4.864583333333333,../resources/defects4j-checkout-closure-1f/src/com/google/javascript/jscomp\GatherSideEffectSubexpressionsCallback.java,0
GenerateExports,3,4,58,0,0,1,3,68,10.0,39,8,1.7435897435897436,../resources/defects4j-checkout-closure-1f/src/com/google/javascript/jscomp\GenerateExports.java,0
GlobalNamespace,18,9,210,0,3,95,42,1603,13.115942028985508,444,86,3.61036036036036,../resources/defects4j-checkout-closure-1f/src/com/google/javascript/jscomp\GlobalNamespace.java,1
GlobalVarReferenceMap,7,2,71,0,0,8,9,309,17.181818181818183,82,19,3.768292682926829,../resources/defects4j-checkout-closure-1f/src/com/google/javascript/jscomp\GlobalVarReferenceMap.java,0
GoogleCodingConvention,7,4,27,0,0,10,8,254,13.285714285714286,21,4,12.095238095238097,../resources/defects4j-checkout-closure-1f/src/com/google/javascript/jscomp\GoogleCodingConvention.java,0
GoogleJsMessageIdGenerator,1,1,15,0,0,5,6,206,9.6,93,6,2.21505376344086,../resources/defects4j-checkout-closure-1f/src/com/google/javascript/jscomp\GoogleJsMessageIdGenerator.java,0
GroupVariableDeclarations,6,1,44,0,0,4,2,301,10.5,46,12,6.543478260869565,../resources/defects4j-checkout-closure-1f/src/com/google/javascript/jscomp\GroupVariableDeclarations.java,0
IgnoreCajaProperties,1,2,33,0,0,0,1,86,6.0,15,2,5.733333333333333,../resources/defects4j-checkout-closure-1f/src/com/google/javascript/jscomp\IgnoreCajaProperties.java,0
InferJSDocInfo,5,2,58,0,0,5,3,220,15.8,67,20,3.283582089552239,../resources/defects4j-checkout-closure-1f/src/com/google/javascript/jscomp\InferJSDocInfo.java,0
InlineCostEstimator,2,2,11,0,0,5,5,89,9.22222222222222,15,1,5.933333333333334,../resources/defects4j-checkout-closure-1f/src/com/google/javascript/jscomp\InlineCostEstimator.java,1
InlineFunctions,19,9,298,2,1,55,33,672,15.27027027027027,359,91,1.871866295264624,../resources/defects4j-checkout-closure-1f/src/com/google/javascript/jscomp\InlineFunctions.java,1
InlineObjectLiterals,1,3,174,0,0,11,10,285,16.363636363636363,150,39,1.9,../resources/defects4j-checkout-closure-1f/src/com/google/javascript/jscomp\InlineObjectLiterals.java,1
InlineProperties,5,4,119,0,0,13,5,149,16.53846153846154,105,27,1.4190476190476191,../resources/defects4j-checkout-closure-1f/src/com/google/javascript/jscomp\InlineProperties.java,0
InlineSimpleMethods,12,2,73,0,0,19,13,390,15.0625,83,21,4.698795180722891,../resources/defects4j-checkout-closure-1f/src/com/google/javascript/jscomp\InlineSimpleMethods.java,0
InlineVariables,2,4,244,0,2,39,24,607,17.46153846153846,228,62,2.662280701754386,../resources/defects4j-checkout-closure-1f/src/com/google/javascript/jscomp\InlineVariables.java,1
InstrumentFunctions,1,10,98,0,0,9,7,457,10.25,106,21,4.311320754716981,../resources/defects4j-checkout-closure-1f/src/com/google/javascript/jscomp\InstrumentFunctions.java,0
InvocationsCallback,2,0,9,0,0,3,2,79,5.0,10,3,7.9,../resources/defects4j-checkout-closure-1f/src/com/google/javascript/jscomp\InvocationsCallback.java,0
BinaryJoinOp,3,0,14,0,0,4,3,93,8.333333333333334,13,3,7.153846153846154,../resources/defects4j-checkout-closure-1f/src/com/google/javascript/jscomp\JoinOp.java,0
JqueryCodingConvention,3,3,15,0,0,3,1,11,17.666666666666668,7,0,1.5714285714285714,../resources/defects4j-checkout-closure-1f/src/com/google/javascript/jscomp\JqueryCodingConvention.java,0
JsAst,6,6,30,0,0,3,1,12,9.833333333333334,26,2,0.4615384615384615,../resources/defects4j-checkout-closure-1f/src/com/google/javascript/jscomp\JsAst.java,1
JSError,16,8,38,0,0,26,21,463,8.0,57,9,8.12280701754386,../resources/defects4j-checkout-closure-1f/src/com/google/javascript/jscomp\JSError.java,0
JsMessage,14,11,76,1,0,48,37,1017,8.977272727272727,218,15,4.665137614678899,../resources/defects4j-checkout-closure-1f/src/com/google/javascript/jscomp\JsMessage.java,0
JsMessageDefinition,3,3,0,0,0,3,2,147,16.333333333333332,6,0,24.5,../resources/defects4j-checkout-closure-1f/src/com/google/javascript/jscomp\JsMessageDefinition.java,0
JsMessageExtractor,2,3,19,0,1,3,5,198,14.25,22,4,9.0,../resources/defects4j-checkout-closure-1f/src/com/google/javascript/jscomp\JsMessageExtractor.java,0
JsMessageVisitor,24,26,230,0,19,29,27,1232,21.12,281,71,4.384341637010676,../resources/defects4j-checkout-closure-1f/src/com/google/javascript/jscomp\JsMessageVisitor.java,0
JSModule,26,6,87,0,1,14,28,427,11.884615384615383,75,12,5.693333333333333,../resources/defects4j-checkout-closure-1f/src/com/google/javascript/jscomp\JSModule.java,0
JSModuleGraph,15,3,136,0,1,21,19,791,17.0,153,39,5.169934640522876,../resources/defects4j-checkout-closure-1f/src/com/google/javascript/jscomp\JSModuleGraph.java,0
JSSourceFile,10,2,20,0,0,9,1,41,10.6,12,0,3.4166666666666665,../resources/defects4j-checkout-closure-1f/src/com/google/javascript/jscomp\JSSourceFile.java,0
JvmMetrics,10,4,137,0,0,7,1,14,18.3,135,32,0.1037037037037037,../resources/defects4j-checkout-closure-1f/src/com/google/javascript/jscomp\JvmMetrics.java,0
LightweightMessageFormatter,4,2,52,0,0,9,3,69,10.833333333333334,68,12,1.0147058823529411,../resources/defects4j-checkout-closure-1f/src/com/google/javascript/jscomp\LightweightMessageFormatter.java,1
LineNumberCheck,4,3,13,0,0,1,1,30,10.25,17,4,1.7647058823529411,../resources/defects4j-checkout-closure-1f/src/com/google/javascript/jscomp\LineNumberCheck.java,0
LinkedFlowScope,17,7,118,0,1,29,14,319,12.421052631578949,156,40,2.0448717948717947,../resources/defects4j-checkout-closure-1f/src/com/google/javascript/jscomp\LinkedFlowScope.java,0
LiveVariablesAnalysis,10,4,94,0,0,23,5,311,12.5,101,19,3.0792079207920797,../resources/defects4j-checkout-closure-1f/src/com/google/javascript/jscomp\LiveVariablesAnalysis.java,1
LoggerErrorManager,2,2,18,0,0,0,3,56,9.5,16,3,3.5,../resources/defects4j-checkout-closure-1f/src/com/google/javascript/jscomp\LoggerErrorManager.java,0
MakeDeclaredNamesUnique,7,3,146,1,0,28,22,426,14.825,173,35,2.46242774566474,../resources/defects4j-checkout-closure-1f/src/com/google/javascript/jscomp\MakeDeclaredNamesUnique.java,1
MarkNoSideEffectCalls,3,3,42,0,0,7,5,126,15.4,54,15,2.333333333333333,../resources/defects4j-checkout-closure-1f/src/com/google/javascript/jscomp\MarkNoSideEffectCalls.java,0
MaybeReachingVariableUse,9,2,73,0,0,19,7,418,13.25,83,17,5.036144578313253,../resources/defects4j-checkout-closure-1f/src/com/google/javascript/jscomp\MaybeReachingVariableUse.java,1
MemoizedScopeCreator,7,2,23,0,0,6,3,113,14.857142857142858,21,4,5.380952380952381,../resources/defects4j-checkout-closure-1f/src/com/google/javascript/jscomp\MemoizedScopeCreator.java,0
MethodCompilerPass,5,5,83,1,1,2,11,216,12.454545454545457,69,16,3.130434782608696,../resources/defects4j-checkout-closure-1f/src/com/google/javascript/jscomp\MethodCompilerPass.java,1
MinimizeExitPoints,6,1,91,0,0,9,5,391,13.833333333333334,113,28,3.4601769911504423,../resources/defects4j-checkout-closure-1f/src/com/google/javascript/jscomp\MinimizeExitPoints.java,1
MoveFunctionDeclarations,3,2,22,0,0,2,1,91,8.666666666666666,21,5,4.333333333333333,../resources/defects4j-checkout-closure-1f/src/com/google/javascript/jscomp\MoveFunctionDeclarations.java,0
MustBeReachingVariableDef,12,3,124,0,0,23,8,379,12.5,153,40,2.477124183006536,../resources/defects4j-checkout-closure-1f/src/com/google/javascript/jscomp\MustBeReachingVariableDef.java,1
NameAnalyzer,25,17,534,1,3,69,88,2362,14.238095238095235,645,158,3.662015503875969,../resources/defects4j-checkout-closure-1f/src/com/google/javascript/jscomp\NameAnalyzer.java,1
NameAnonymousFunctions,1,5,11,0,0,3,3,119,14.2,11,0,10.818181818181818,../resources/defects4j-checkout-closure-1f/src/com/google/javascript/jscomp\NameAnonymousFunctions.java,0
NameAnonymousFunctionsMapped,2,9,22,0,0,5,3,148,12.333333333333334,27,5,5.481481481481482,../resources/defects4j-checkout-closure-1f/src/com/google/javascript/jscomp\NameAnonymousFunctionsMapped.java,0
NameGenerator,4,7,20,0,2,5,7,181,13.0,44,12,4.113636363636363,../resources/defects4j-checkout-closure-1f/src/com/google/javascript/jscomp\NameGenerator.java,0
NameReferenceGraph,6,6,58,0,0,27,10,427,12.87878787878788,85,10,5.023529411764706,../resources/defects4j-checkout-closure-1f/src/com/google/javascript/jscomp\NameReferenceGraph.java,0
NameReferenceGraphConstruction,7,5,222,0,1,35,13,260,18.666666666666668,251,63,1.0358565737051793,../resources/defects4j-checkout-closure-1f/src/com/google/javascript/jscomp\NameReferenceGraphConstruction.java,0
NameReferenceGraphReport,8,1,106,0,0,7,11,519,18.11111111111111,90,14,5.766666666666667,../resources/defects4j-checkout-closure-1f/src/com/google/javascript/jscomp\NameReferenceGraphReport.java,0
NodeIterators,0,0,59,0,2,17,10,293,8.416666666666666,80,17,3.6625,../resources/defects4j-checkout-closure-1f/src/com/google/javascript/jscomp\NodeIterators.java,0
NodeNameExtractor,1,2,27,0,0,11,2,115,7.0,25,5,4.6,../resources/defects4j-checkout-closure-1f/src/com/google/javascript/jscomp\NodeNameExtractor.java,0
NodeTraversal,36,12,167,2,0,34,49,884,12.51063829787234,192,28,4.604166666666667,../resources/defects4j-checkout-closure-1f/src/com/google/javascript/jscomp\NodeTraversal.java,1
NodeUtil,156,13,882,1,10,453,141,3754,16.023952095808383,1019,230,3.684003925417076,../resources/defects4j-checkout-closure-1f/src/com/google/javascript/jscomp\NodeUtil.java,1
Normalize,5,5,257,0,6,11,20,829,15.233333333333333,265,61,3.128301886792453,../resources/defects4j-checkout-closure-1f/src/com/google/javascript/jscomp\Normalize.java,1
ObjectPropertyStringPostprocess,1,1,26,0,0,2,1,41,6.0,22,4,1.8636363636363635,../resources/defects4j-checkout-closure-1f/src/com/google/javascript/jscomp\ObjectPropertyStringPostprocess.java,0
ObjectPropertyStringPreprocess,2,6,53,0,0,6,1,43,10.666666666666666,35,7,1.2285714285714286,../resources/defects4j-checkout-closure-1f/src/com/google/javascript/jscomp\ObjectPropertyStringPreprocess.java,0
OptimizeArgumentsArray,7,7,61,0,0,9,5,161,10.571428571428571,69,17,2.333333333333333,../resources/defects4j-checkout-closure-1f/src/com/google/javascript/jscomp\OptimizeArgumentsArray.java,0
OptimizeCalls,2,2,6,1,0,1,1,47,7.0,9,2,5.222222222222222,../resources/defects4j-checkout-closure-1f/src/com/google/javascript/jscomp\OptimizeCalls.java,0
OptimizeParameters,17,2,135,0,0,28,13,342,17.708333333333332,193,48,1.7720207253886011,../resources/defects4j-checkout-closure-1f/src/com/google/javascript/jscomp\OptimizeParameters.java,0
OptimizeReturns,5,1,40,0,0,7,4,157,9.833333333333334,45,13,3.488888888888889,../resources/defects4j-checkout-closure-1f/src/com/google/javascript/jscomp\OptimizeReturns.java,0
PassConfig,17,4,36,0,1,13,21,415,16.869565217391305,61,8,6.80327868852459,../resources/defects4j-checkout-closure-1f/src/com/google/javascript/jscomp\PassConfig.java,0
PassFactory,4,2,0,0,0,3,6,142,10.0,5,0,28.4,../resources/defects4j-checkout-closure-1f/src/com/google/javascript/jscomp\PassFactory.java,0
PeepholeCollectPropertyAssignments,9,0,96,0,3,31,1,52,17.555555555555557,132,38,0.3939393939393939,../resources/defects4j-checkout-closure-1f/src/com/google/javascript/jscomp\PeepholeCollectPropertyAssignments.java,0
PeepholeFoldConstants,35,8,453,0,5,185,21,472,17.457142857142856,665,150,0.7097744360902256,../resources/defects4j-checkout-closure-1f/src/com/google/javascript/jscomp\PeepholeFoldConstants.java,1
PeepholeFoldWithTypes,2,0,21,0,0,4,2,181,14.0,33,10,5.484848484848484,../resources/defects4j-checkout-closure-1f/src/com/google/javascript/jscomp\PeepholeFoldWithTypes.java,0
PeepholeOptimizationsPass,10,4,39,0,0,9,3,65,9.4,72,15,0.9027777777777778,../resources/defects4j-checkout-closure-1f/src/com/google/javascript/jscomp\PeepholeOptimizationsPass.java,1
PeepholeRemoveDeadCode,28,0,377,0,0,68,27,550,16.75,420,88,1.3095238095238095,../resources/defects4j-checkout-closure-1f/src/com/google/javascript/jscomp\PeepholeRemoveDeadCode.java,0
PeepholeReplaceKnownMethods,17,2,297,0,0,68,17,253,19.352941176470587,395,95,0.640506329113924,../resources/defects4j-checkout-closure-1f/src/com/google/javascript/jscomp\PeepholeReplaceKnownMethods.java,1
PeepholeSimplifyRegExp,1,0,29,0,0,2,1,15,15.0,18,4,0.8333333333333334,../resources/defects4j-checkout-closure-1f/src/com/google/javascript/jscomp\PeepholeSimplifyRegExp.java,0
PeepholeSubstituteAlternateSyntax,47,10,634,0,0,129,37,1188,19.24,678,152,1.752212389380531,../resources/defects4j-checkout-closure-1f/src/com/google/javascript/jscomp\PeepholeSubstituteAlternateSyntax.java,1
PerformanceTracker,9,10,106,0,5,8,7,91,13.0,161,22,0.5652173913043478,../resources/defects4j-checkout-closure-1f/src/com/google/javascript/jscomp\PerformanceTracker.java,0
PhaseOptimizer,14,17,67,0,1,8,19,369,11.6,136,25,2.713235294117647,../resources/defects4j-checkout-closure-1f/src/com/google/javascript/jscomp\PhaseOptimizer.java,0
PrepareAst,4,2,60,0,0,1,7,236,17.2,66,17,3.575757575757576,../resources/defects4j-checkout-closure-1f/src/com/google/javascript/jscomp\PrepareAst.java,1
PreprocessorSymbolTable,9,3,23,0,0,8,2,32,11.22222222222222,15,1,2.1333333333333333,../resources/defects4j-checkout-closure-1f/src/com/google/javascript/jscomp\PreprocessorSymbolTable.java,0
PrintStreamErrorManager,3,3,17,0,0,0,3,99,13.333333333333334,12,2,8.25,../resources/defects4j-checkout-closure-1f/src/com/google/javascript/jscomp\PrintStreamErrorManager.java,0
ProcessClosurePrimitives,21,23,422,0,0,37,30,664,18.194444444444443,420,104,1.5809523809523809,../resources/defects4j-checkout-closure-1f/src/com/google/javascript/jscomp\ProcessClosurePrimitives.java,1
ProcessCommonJSModules,6,8,115,0,1,8,11,246,14.23076923076923,79,14,3.113924050632912,../resources/defects4j-checkout-closure-1f/src/com/google/javascript/jscomp\ProcessCommonJSModules.java,1
ProcessDefines,6,10,129,0,0,13,21,571,15.38888888888889,152,35,3.756578947368421,../resources/defects4j-checkout-closure-1f/src/com/google/javascript/jscomp\ProcessDefines.java,0
ProcessTweaks,6,13,141,0,1,21,13,318,18.227272727272727,166,35,1.9156626506024097,../resources/defects4j-checkout-closure-1f/src/com/google/javascript/jscomp\ProcessTweaks.java,0
PureFunctionIdentifier,9,8,297,0,4,44,37,806,15.227272727272728,420,102,1.9190476190476191,../resources/defects4j-checkout-closure-1f/src/com/google/javascript/jscomp\PureFunctionIdentifier.java,1
RecordFunctionInformation,4,4,41,0,0,4,5,129,9.0,30,5,4.3,../resources/defects4j-checkout-closure-1f/src/com/google/javascript/jscomp\RecordFunctionInformation.java,0
ReferenceCollectingCallback,11,6,151,2,0,59,41,860,15.142857142857142,179,40,4.804469273743017,../resources/defects4j-checkout-closure-1f/src/com/google/javascript/jscomp\ReferenceCollectingCallback.java,1
RemoveTryCatch,1,2,23,0,0,2,2,39,6.0,34,8,1.1470588235294117,../resources/defects4j-checkout-closure-1f/src/com/google/javascript/jscomp\RemoveTryCatch.java,0
RemoveUnusedClassProperties,5,4,54,0,1,4,2,70,11.6,47,13,1.4893617021276595,../resources/defects4j-checkout-closure-1f/src/com/google/javascript/jscomp\RemoveUnusedClassProperties.java,0
RemoveUnusedNames,2,3,14,0,0,0,3,50,14.5,13,3,3.8461538461538463,../resources/defects4j-checkout-closure-1f/src/com/google/javascript/jscomp\RemoveUnusedNames.java,0
RemoveUnusedPrototypeProperties,4,5,18,0,0,3,4,108,20.0,47,12,2.297872340425532,../resources/defects4j-checkout-closure-1f/src/com/google/javascript/jscomp\RemoveUnusedPrototypeProperties.java,0
RemoveUnusedVars,13,13,295,0,0,31,32,1080,18.296296296296298,349,91,3.094555873925501,../resources/defects4j-checkout-closure-1f/src/com/google/javascript/jscomp\RemoveUnusedVars.java,1
RenameLabels,1,3,51,0,0,4,8,412,10.2,51,9,8.07843137254902,../resources/defects4j-checkout-closure-1f/src/com/google/javascript/jscomp\RenameLabels.java,1
RenameProperties,5,14,149,0,0,6,17,665,12.642857142857142,193,52,3.44559585492228,../resources/defects4j-checkout-closure-1f/src/com/google/javascript/jscomp\RenameProperties.java,0
RenamePrototypes,3,9,107,0,0,16,15,564,15.8,141,38,4.0,../resources/defects4j-checkout-closure-1f/src/com/google/javascript/jscomp\RenamePrototypes.java,1
RenameVars,10,21,114,0,1,19,26,487,12.705882352941176,182,43,2.675824175824176,../resources/defects4j-checkout-closure-1f/src/com/google/javascript/jscomp\RenameVars.java,1
ReorderConstantExpression,1,0,17,0,0,1,1,43,15.0,11,3,3.909090909090909,../resources/defects4j-checkout-closure-1f/src/com/google/javascript/jscomp\ReorderConstantExpression.java,0
ReplaceCssNames,2,10,68,0,1,4,2,288,11.5,64,14,4.5,../resources/defects4j-checkout-closure-1f/src/com/google/javascript/jscomp\ReplaceCssNames.java,0
ReplaceIdGenerators,6,10,132,1,0,25,2,37,13.25,158,35,0.2341772151898734,../resources/defects4j-checkout-closure-1f/src/com/google/javascript/jscomp\ReplaceIdGenerators.java,0
ReplaceMessages,8,3,100,0,6,10,7,573,19.0,94,20,6.095744680851064,../resources/defects4j-checkout-closure-1f/src/com/google/javascript/jscomp\ReplaceMessages.java,0
ReplaceMessagesForChrome,4,0,38,0,1,4,1,58,19.25,32,7,1.8125,../resources/defects4j-checkout-closure-1f/src/com/google/javascript/jscomp\ReplaceMessagesForChrome.java,0
ReplaceStrings,17,12,133,0,0,22,17,529,14.63157894736842,147,31,3.598639455782313,../resources/defects4j-checkout-closure-1f/src/com/google/javascript/jscomp\ReplaceStrings.java,0
RescopeGlobalSymbols,2,6,91,0,0,9,5,368,10.5,85,20,4.329411764705882,../resources/defects4j-checkout-closure-1f/src/com/google/javascript/jscomp\RescopeGlobalSymbols.java,0
Result,0,13,0,0,0,0,1,5,0.0,14,0,0.3571428571428571,../resources/defects4j-checkout-closure-1f/src/com/google/javascript/jscomp\Result.java,0
RhinoErrorReporter,6,8,37,0,0,6,2,60,9.384615384615383,31,4,1.935483870967742,../resources/defects4j-checkout-closure-1f/src/com/google/javascript/jscomp\RhinoErrorReporter.java,0
RuntimeTypeCheck,3,3,132,0,0,22,7,376,13.5,113,26,3.327433628318584,../resources/defects4j-checkout-closure-1f/src/com/google/javascript/jscomp\RuntimeTypeCheck.java,1
SanityCheck,5,4,32,0,2,2,4,111,17.0,31,6,3.5806451612903225,../resources/defects4j-checkout-closure-1f/src/com/google/javascript/jscomp\SanityCheck.java,0
Scope,26,7,85,0,0,63,52,977,11.101694915254235,119,12,8.210084033613445,../resources/defects4j-checkout-closure-1f/src/com/google/javascript/jscomp\Scope.java,1
ScopedAliases,2,11,161,1,0,12,4,95,12.904761904761903,164,45,0.5792682926829268,../resources/defects4j-checkout-closure-1f/src/com/google/javascript/jscomp\ScopedAliases.java,1
ShadowVariables,1,7,68,0,0,8,3,149,8.285714285714286,87,26,1.7126436781609196,../resources/defects4j-checkout-closure-1f/src/com/google/javascript/jscomp\ShadowVariables.java,0
ShowByPathWarningsGuard,2,2,8,0,0,2,2,41,8.0,12,1,3.4166666666666665,../resources/defects4j-checkout-closure-1f/src/com/google/javascript/jscomp\ShowByPathWarningsGuard.java,0
SideEffectsAnalysis,9,4,92,1,2,58,42,1593,15.590909090909092,171,31,9.31578947368421,../resources/defects4j-checkout-closure-1f/src/com/google/javascript/jscomp\SideEffectsAnalysis.java,0
SimpleDefinitionFinder,13,4,138,0,0,34,10,290,16.6875,171,50,1.695906432748538,../resources/defects4j-checkout-closure-1f/src/com/google/javascript/jscomp\SimpleDefinitionFinder.java,0
SimpleFunctionAliasAnalysis,4,2,30,0,0,2,5,134,14.5,29,8,4.620689655172414,../resources/defects4j-checkout-closure-1f/src/com/google/javascript/jscomp\SimpleFunctionAliasAnalysis.java,0
SimpleRegion,3,3,3,0,0,3,1,5,19.0,6,0,0.8333333333333334,../resources/defects4j-checkout-closure-1f/src/com/google/javascript/jscomp\SimpleRegion.java,0
SourceFile,30,7,90,1,2,48,22,560,11.76086956521739,141,20,3.971631205673759,../resources/defects4j-checkout-closure-1f/src/com/google/javascript/jscomp\SourceFile.java,1
SourceInformationAnnotator,2,2,20,0,0,0,1,93,10.0,23,6,4.043478260869565,../resources/defects4j-checkout-closure-1f/src/com/google/javascript/jscomp\SourceInformationAnnotator.java,0
SourceMap,8,3,42,0,0,10,4,68,11.133333333333333,41,7,1.6585365853658536,../resources/defects4j-checkout-closure-1f/src/com/google/javascript/jscomp\SourceMap.java,1
SpecializeModule,8,5,125,0,0,23,32,1759,21.607142857142858,141,31,12.47517730496454,../resources/defects4j-checkout-closure-1f/src/com/google/javascript/jscomp\SpecializeModule.java,0
StatementFusion,6,0,47,0,1,12,1,82,23.83333333333333,47,11,1.74468085106383,../resources/defects4j-checkout-closure-1f/src/com/google/javascript/jscomp\StatementFusion.java,0
StrictModeCheck,9,13,107,0,0,3,11,158,11.75,107,36,1.4766355140186915,../resources/defects4j-checkout-closure-1f/src/com/google/javascript/jscomp\StrictModeCheck.java,0
StrictWarningsGuard,2,2,5,0,0,3,1,16,8.0,5,1,3.2,../resources/defects4j-checkout-closure-1f/src/com/google/javascript/jscomp\StrictWarningsGuard.java,0
Strings,3,0,11,0,0,6,4,491,22.33333333333333,14,4,35.07142857142857,../resources/defects4j-checkout-closure-1f/src/com/google/javascript/jscomp\Strings.java,0
StripCode,2,8,138,0,0,18,21,1071,25.05,161,39,6.652173913043479,../resources/defects4j-checkout-closure-1f/src/com/google/javascript/jscomp\StripCode.java,0
SuppressDocWarningsGuard,2,2,17,0,0,3,3,37,8.0,29,11,1.2758620689655171,../resources/defects4j-checkout-closure-1f/src/com/google/javascript/jscomp\SuppressDocWarningsGuard.java,0
SymbolTable,48,11,506,0,2,111,45,1678,14.96875,506,134,3.316205533596838,../resources/defects4j-checkout-closure-1f/src/com/google/javascript/jscomp\SymbolTable.java,0
SyntacticScopeCreator,6,7,90,1,0,10,8,159,15.5,89,19,1.7865168539325842,../resources/defects4j-checkout-closure-1f/src/com/google/javascript/jscomp\SyntacticScopeCreator.java,1
SyntheticAst,5,4,9,0,1,3,1,16,10.8,10,0,1.6,../resources/defects4j-checkout-closure-1f/src/com/google/javascript/jscomp\SyntheticAst.java,0
TightenTypes,19,8,530,1,3,84,53,1267,14.461538461538462,548,121,2.312043795620438,../resources/defects4j-checkout-closure-1f/src/com/google/javascript/jscomp\TightenTypes.java,0
Tracer,25,16,177,2,1,34,70,2381,13.714285714285714,276,58,8.626811594202898,../resources/defects4j-checkout-closure-1f/src/com/google/javascript/jscomp\Tracer.java,0
TransformAMDToCJSModule,3,6,117,0,0,12,10,198,15.363636363636363,104,24,1.9038461538461535,../resources/defects4j-checkout-closure-1f/src/com/google/javascript/jscomp\TransformAMDToCJSModule.java,0
TypeCheck,39,50,692,0,0,31,31,1235,15.794871794871796,636,147,1.9418238993710693,../resources/defects4j-checkout-closure-1f/src/com/google/javascript/jscomp\TypeCheck.java,1
TypedCodeGenerator,5,0,104,0,0,9,3,52,16.4,99,27,0.5252525252525253,../resources/defects4j-checkout-closure-1f/src/com/google/javascript/jscomp\TypedCodeGenerator.java,0
TypedScopeCreator,8,17,749,0,0,44,48,1760,16.763636363636362,687,187,2.561863173216885,../resources/defects4j-checkout-closure-1f/src/com/google/javascript/jscomp\TypedScopeCreator.java,1
TypeInference,49,9,557,0,0,63,21,767,18.82692307692308,575,136,1.333913043478261,../resources/defects4j-checkout-closure-1f/src/com/google/javascript/jscomp\TypeInference.java,1
TypeInferencePass,4,6,27,0,0,1,3,66,8.875,22,1,3.0,../resources/defects4j-checkout-closure-1f/src/com/google/javascript/jscomp\TypeInferencePass.java,0
TypeValidator,33,17,246,0,0,29,27,1243,16.583333333333332,214,57,5.808411214953271,../resources/defects4j-checkout-closure-1f/src/com/google/javascript/jscomp\TypeValidator.java,1
UnreachableCodeElimination,4,3,66,0,0,14,2,254,14.0,75,20,3.3866666666666667,../resources/defects4j-checkout-closure-1f/src/com/google/javascript/jscomp\UnreachableCodeElimination.java,1
UseSite,2,3,3,0,0,2,1,36,7.0,5,0,7.2,../resources/defects4j-checkout-closure-1f/src/com/google/javascript/jscomp\UseSite.java,0
VarCheck,6,11,87,0,1,6,5,107,15.285714285714286,84,21,1.2738095238095235,../resources/defects4j-checkout-closure-1f/src/com/google/javascript/jscomp\VarCheck.java,1
VariableMap,14,3,58,0,4,13,13,201,11.571428571428571,59,10,3.406779661016949,../resources/defects4j-checkout-closure-1f/src/com/google/javascript/jscomp\VariableMap.java,0
VariableNameGenerator,1,2,3,0,0,1,1,20,14.0,5,1,4.0,../resources/defects4j-checkout-closure-1f/src/com/google/javascript/jscomp\VariableNameGenerator.java,0
VariableReferenceCheck,2,6,49,0,0,0,3,126,10.5,54,17,2.333333333333333,../resources/defects4j-checkout-closure-1f/src/com/google/javascript/jscomp\VariableReferenceCheck.java,0
VariableVisibilityAnalysis,3,2,20,0,1,2,9,286,15.666666666666666,24,5,11.916666666666666,../resources/defects4j-checkout-closure-1f/src/com/google/javascript/jscomp\VariableVisibilityAnalysis.java,0
VerboseMessageFormatter,3,0,12,0,0,3,1,20,10.0,7,1,2.857142857142857,../resources/defects4j-checkout-closure-1f/src/com/google/javascript/jscomp\VerboseMessageFormatter.java,0
WarningsGuard,4,0,1,0,0,4,5,346,7.8,5,0,69.2,../resources/defects4j-checkout-closure-1f/src/com/google/javascript/jscomp\WarningsGuard.java,0
WhitelistWarningsGuard,11,3,76,0,1,16,17,376,14.444444444444445,73,14,5.1506849315068495,../resources/defects4j-checkout-closure-1f/src/com/google/javascript/jscomp\WhitelistWarningsGuard.java,0
XtbMessageBundle,4,3,49,0,3,5,4,114,14.0,54,7,2.111111111111111,../resources/defects4j-checkout-closure-1f/src/com/google/javascript/jscomp\XtbMessageBundle.java,0
AntErrorManager,2,2,12,0,0,0,1,18,9.5,12,2,1.5,../resources/defects4j-checkout-closure-1f/src/com/google/javascript/jscomp\ant\AntErrorManager.java,0
CompileTask,35,20,141,0,8,12,29,509,15.114285714285714,196,39,2.596938775510204,../resources/defects4j-checkout-closure-1f/src/com/google/javascript/jscomp\ant\CompileTask.java,0
Warning,4,2,4,0,0,2,1,10,8.0,4,0,2.5,../resources/defects4j-checkout-closure-1f/src/com/google/javascript/jscomp\ant\Warning.java,0
DepsFileParser,4,5,32,0,1,4,11,288,10.5,24,4,12.0,../resources/defects4j-checkout-closure-1f/src/com/google/javascript/jscomp\deps\DepsFileParser.java,0
DepsGenerator,19,12,121,0,0,11,13,396,18.25,113,28,3.504424778761062,../resources/defects4j-checkout-closure-1f/src/com/google/javascript/jscomp\deps\DepsGenerator.java,0
JsFileLineParser,6,9,49,0,4,4,15,348,12.0,77,17,4.51948051948052,../resources/defects4j-checkout-closure-1f/src/com/google/javascript/jscomp\deps\JsFileLineParser.java,0
JsFileParser,5,8,32,0,0,6,11,286,11.2,36,7,7.944444444444445,../resources/defects4j-checkout-closure-1f/src/com/google/javascript/jscomp\deps\JsFileParser.java,0
JsFunctionParser,4,5,24,0,0,4,9,150,9.75,31,5,4.838709677419355,../resources/defects4j-checkout-closure-1f/src/com/google/javascript/jscomp\deps\JsFunctionParser.java,0
PathUtil,6,2,48,0,1,11,7,460,13.5,46,13,10.0,../resources/defects4j-checkout-closure-1f/src/com/google/javascript/jscomp\deps\PathUtil.java,0
SimpleDependencyInfo,6,4,13,0,0,7,6,130,11.833333333333334,13,1,10.0,../resources/defects4j-checkout-closure-1f/src/com/google/javascript/jscomp\deps\SimpleDependencyInfo.java,0
SortedDependencies,11,4,97,0,3,14,7,258,16.833333333333332,93,26,2.774193548387097,../resources/defects4j-checkout-closure-1f/src/com/google/javascript/jscomp\deps\SortedDependencies.java,0
DiGraph,15,0,19,2,0,2,9,234,16.19047619047619,2,0,117.0,../resources/defects4j-checkout-closure-1f/src/com/google/javascript/jscomp\graph\DiGraph.java,0
FixedPointGraphTraversal,4,2,31,1,0,1,7,242,15.0,20,5,12.1,../resources/defects4j-checkout-closure-1f/src/com/google/javascript/jscomp\graph\FixedPointGraphTraversal.java,0
Graph,24,2,55,1,1,5,29,842,12.862068965517242,46,10,18.30434782608696,../resources/defects4j-checkout-closure-1f/src/com/google/javascript/jscomp\graph\Graph.java,0
GraphColoring,3,2,28,0,0,8,5,239,8.571428571428571,34,5,7.029411764705882,../resources/defects4j-checkout-closure-1f/src/com/google/javascript/jscomp\graph\GraphColoring.java,0
GraphPruner,2,1,38,0,0,2,1,101,7.5,32,11,3.15625,../resources/defects4j-checkout-closure-1f/src/com/google/javascript/jscomp\graph\GraphPruner.java,0
GraphReachability,3,3,20,0,0,2,3,90,9.333333333333334,19,2,4.7368421052631575,../resources/defects4j-checkout-closure-1f/src/com/google/javascript/jscomp\graph\GraphReachability.java,0
LinkedDirectedGraph,35,3,149,0,7,57,9,164,13.045454545454543,134,20,1.2238805970149254,../resources/defects4j-checkout-closure-1f/src/com/google/javascript/jscomp\graph\LinkedDirectedGraph.java,0
LinkedUndirectedGraph,27,3,114,0,6,51,5,91,12.50943396226415,126,23,0.7222222222222222,../resources/defects4j-checkout-closure-1f/src/com/google/javascript/jscomp\graph\LinkedUndirectedGraph.java,0
StandardUnionFind,9,2,51,0,0,17,12,289,8.76923076923077,58,11,4.982758620689655,../resources/defects4j-checkout-closure-1f/src/com/google/javascript/jscomp\graph\StandardUnionFind.java,0
UndiGraph,4,0,1,2,0,0,4,100,22.166666666666668,0,0,0.0,../resources/defects4j-checkout-closure-1f/src/com/google/javascript/jscomp\graph\UndiGraph.java,0
JsonML,22,3,79,0,1,10,22,431,11.272727272727272,81,11,5.320987654320987,../resources/defects4j-checkout-closure-1f/src/com/google/javascript/jscomp\jsonml\JsonML.java,0
JsonMLAst,9,6,26,0,1,10,3,74,12.11111111111111,46,7,1.608695652173913,../resources/defects4j-checkout-closure-1f/src/com/google/javascript/jscomp\jsonml\JsonMLAst.java,0
JsonMLError,2,5,6,0,0,2,6,48,4.0,12,0,4.0,../resources/defects4j-checkout-closure-1f/src/com/google/javascript/jscomp\jsonml\JsonMLError.java,0
JsonMLException,0,1,0,0,0,0,1,19,0.0,1,0,19.0,../resources/defects4j-checkout-closure-1f/src/com/google/javascript/jscomp\jsonml\JsonMLException.java,0
JsonMLUtil,5,0,54,0,0,25,8,296,11.818181818181818,100,27,2.96,../resources/defects4j-checkout-closure-1f/src/com/google/javascript/jscomp\jsonml\JsonMLUtil.java,0
NodeUtil,4,0,13,0,0,5,5,107,16.75,7,1,15.285714285714286,../resources/defects4j-checkout-closure-1f/src/com/google/javascript/jscomp\jsonml\NodeUtil.java,1
Reader,77,7,423,0,14,25,31,618,16.685393258426966,563,49,1.0976909413854352,../resources/defects4j-checkout-closure-1f/src/com/google/javascript/jscomp\jsonml\Reader.java,0
SecureCompiler,7,7,27,0,1,9,6,202,12.2,47,4,4.297872340425532,../resources/defects4j-checkout-closure-1f/src/com/google/javascript/jscomp\jsonml\SecureCompiler.java,0
Validator,50,7,155,0,0,6,3,121,16.9,229,28,0.5283842794759825,../resources/defects4j-checkout-closure-1f/src/com/google/javascript/jscomp\jsonml\Validator.java,0
Writer,40,0,319,0,3,3,4,110,13.625,412,38,0.2669902912621359,../resources/defects4j-checkout-closure-1f/src/com/google/javascript/jscomp\jsonml\Writer.java,0
Config,1,6,6,0,0,1,9,105,20.0,13,2,8.076923076923077,../resources/defects4j-checkout-closure-1f/src/com/google/javascript/jscomp\parsing\Config.java,0
IRFactory,29,19,541,0,2,168,8,264,17.564705882352943,533,87,0.4953095684803001,../resources/defects4j-checkout-closure-1f/src/com/google/javascript/jscomp\parsing\IRFactory.java,1
JsDocInfoParser,58,15,776,0,1,119,54,1467,18.080645161290324,1107,238,1.3252032520325203,../resources/defects4j-checkout-closure-1f/src/com/google/javascript/jscomp\parsing\JsDocInfoParser.java,1
JsDocTokenStream,20,19,55,0,0,46,5,75,11.35,240,46,0.3125,../resources/defects4j-checkout-closure-1f/src/com/google/javascript/jscomp\parsing\JsDocTokenStream.java,0
NullErrorReporter,4,0,4,0,0,3,1,15,8.285714285714286,5,0,3.0,../resources/defects4j-checkout-closure-1f/src/com/google/javascript/jscomp\parsing\NullErrorReporter.java,0
ParserRunner,7,4,41,0,0,7,2,52,12.142857142857142,44,4,1.181818181818182,../resources/defects4j-checkout-closure-1f/src/com/google/javascript/jscomp\parsing\ParserRunner.java,0
TypeSafeDispatcher,44,0,57,0,4,42,1,60,19.204545454545453,67,9,0.8955223880597015,../resources/defects4j-checkout-closure-1f/src/com/google/javascript/jscomp\parsing\TypeSafeDispatcher.java,0
CaseCanonicalize,4,4,213,0,0,9,8,504,16.25,38,11,13.263157894736842,../resources/defects4j-checkout-closure-1f/src/com/google/javascript/jscomp\regex\CaseCanonicalize.java,0
CharRanges,18,3,47,0,5,29,5,219,8.61111111111111,214,54,1.0233644859813085,../resources/defects4j-checkout-closure-1f/src/com/google/javascript/jscomp\regex\CharRanges.java,0
RegExpTree,16,12,445,0,6,147,24,423,12.1869918699187,805,174,0.5254658385093167,../resources/defects4j-checkout-closure-1f/src/com/google/javascript/jscomp\regex\RegExpTree.java,0
SimpleSourceExcerptProvider,2,1,5,0,0,2,1,15,14.0,3,0,5.0,../resources/defects4j-checkout-closure-1f/src/com/google/javascript/jscomp\testing\SimpleSourceExcerptProvider.java,0
TestErrorReporter,5,4,9,0,0,3,3,69,14.4,15,2,4.6,../resources/defects4j-checkout-closure-1f/src/com/google/javascript/jscomp\testing\TestErrorReporter.java,0
ChainableReverseAbstractInterpreter,11,6,114,0,1,90,22,696,15.486842105263158,170,25,4.094117647058823,../resources/defects4j-checkout-closure-1f/src/com/google/javascript/jscomp\type\ChainableReverseAbstractInterpreter.java,1
ClosureReverseAbstractInterpreter,2,5,57,0,0,27,7,76,11.1,57,10,1.3333333333333333,../resources/defects4j-checkout-closure-1f/src/com/google/javascript/jscomp\type\ClosureReverseAbstractInterpreter.java,1
SemanticReverseAbstractInterpreter,11,5,149,0,0,68,12,299,14.52,219,50,1.365296803652968,../resources/defects4j-checkout-closure-1f/src/com/google/javascript/jscomp\type\SemanticReverseAbstractInterpreter.java,1
AbstractWebServiceException,3,0,7,0,0,1,1,19,12.333333333333334,1,0,19.0,../resources/defects4j-checkout-closure-1f/src/com/google/javascript/jscomp\webservice\common\AbstractWebServiceException.java,0
Protocol,2,3,17,1,0,18,14,273,10.55,35,2,7.8,../resources/defects4j-checkout-closure-1f/src/com/google/javascript/jscomp\webservice\common\Protocol.java,0
